{"cameraMode":{"drawMode":0,"name":"Shaded","section":"Shading Mode"},"sceneLighting":false,"audioPlay":false,"sceneViewState":{"showFog":true,"showMaterialUpdate":false,"showSkybox":true,"showFlares":true,"showImageEffects":true,"showParticleSystems":true},"in2DMode":false,"pivot":{"x":-73.3078842163086,"y":1.0397043228149415,"z":46.96523666381836},"rotation":{"x":-0.002270355587825179,"y":0.9809210896492004,"z":-0.19405724108219148,"w":-0.011476298794150353},"size":3.179518938064575,"orthographic":false}