{"cameraMode":{"drawMode":0,"name":"Shaded","section":"Shading Mode"},"sceneLighting":false,"audioPlay":false,"sceneViewState":{"showFog":true,"showMaterialUpdate":false,"showSkybox":true,"showFlares":true,"showImageEffects":true,"showParticleSystems":true},"in2DMode":false,"pivot":{"x":-0.07857996225357056,"y":7.3712921142578129,"z":-0.3140184283256531},"rotation":{"x":-0.1429586261510849,"y":0.6928949952125549,"z":-0.6920802593231201,"w":-0.14312703907489777},"size":24.615751266479493,"orthographic":false}