{"cameraMode":{"drawMode":0,"name":"Shaded","section":"Shading Mode"},"sceneLighting":false,"audioPlay":false,"sceneViewState":{"showFog":true,"showMaterialUpdate":false,"showSkybox":true,"showFlares":true,"showImageEffects":true,"showParticleSystems":true},"in2DMode":false,"pivot":{"x":-39.743896484375,"y":6.909609317779541,"z":2.8386449813842775},"rotation":{"x":0.09505248814821243,"y":-0.6230743527412415,"z":0.07663708180189133,"w":0.7726468443870544},"size":103.3993911743164,"orthographic":false}