{"cameraMode":{"drawMode":0,"name":"Shaded","section":"Shading Mode"},"sceneLighting":false,"audioPlay":false,"sceneViewState":{"showFog":true,"showMaterialUpdate":false,"showSkybox":true,"showFlares":true,"showImageEffects":true,"showParticleSystems":true},"in2DMode":false,"pivot":{"x":-118.22065734863281,"y":20.666149139404298,"z":-100.54744720458985},"rotation":{"x":0.02453799545764923,"y":0.9719470143318176,"z":-0.20198416709899903,"w":0.11811023950576782},"size":1.871492862701416,"orthographic":false}