{"cameraMode":{"drawMode":0,"name":"Shaded","section":"Shading Mode"},"sceneLighting":true,"audioPlay":false,"sceneViewState":{"showFog":true,"showMaterialUpdate":false,"showSkybox":true,"showFlares":true,"showImageEffects":true,"showParticleSystems":true},"in2DMode":false,"pivot":{"x":-39.743896484375,"y":6.909609317779541,"z":2.8386449813842775},"rotation":{"x":-0.11637372523546219,"y":0.7607359290122986,"z":-0.14221420884132386,"w":-0.6225072145462036},"size":9.719573020935059,"orthographic":false}