{"cameraMode":{"drawMode":0,"name":"Shaded","section":"Shading Mode"},"sceneLighting":false,"audioPlay":false,"sceneViewState":{"showFog":true,"showMaterialUpdate":false,"showSkybox":true,"showFlares":true,"showImageEffects":true,"showParticleSystems":true},"in2DMode":false,"pivot":{"x":-29.556339263916017,"y":3.844060182571411,"z":11.610528945922852},"rotation":{"x":-0.21445545554161073,"y":0.039545703679323199,"z":-0.008693292737007141,"w":-0.9759135246276856},"size":-0.3667483925819397,"orthographic":false}