{"cameraMode":{"drawMode":0,"name":"Shaded","section":"Shading Mode"},"sceneLighting":false,"audioPlay":false,"sceneViewState":{"showFog":true,"showMaterialUpdate":false,"showSkybox":true,"showFlares":true,"showImageEffects":true,"showParticleSystems":true},"in2DMode":false,"pivot":{"x":-74.0732650756836,"y":3.1080801486968996,"z":-162.83987426757813},"rotation":{"x":0.1148419976234436,"y":0.4771970212459564,"z":-0.06306979060173035,"w":0.8689841032028198},"size":3.967435598373413,"orthographic":false}