{"cameraMode":{"drawMode":0,"name":"Shaded","section":"Shading Mode"},"sceneLighting":false,"audioPlay":false,"sceneViewState":{"showFog":true,"showMaterialUpdate":false,"showSkybox":true,"showFlares":true,"showImageEffects":true,"showParticleSystems":true},"in2DMode":false,"pivot":{"x":-54.76121520996094,"y":7.529999732971191,"z":73.94075012207031},"rotation":{"x":-0.018528547137975694,"y":-0.9172676205635071,"z":0.04296831414103508,"w":-0.39552581310272219},"size":11.722127914428711,"orthographic":false}