{"cameraMode":{"drawMode":0,"name":"Shaded","section":"Shading Mode"},"sceneLighting":false,"audioPlay":false,"sceneViewState":{"showFog":true,"showMaterialUpdate":false,"showSkybox":true,"showFlares":true,"showImageEffects":true,"showParticleSystems":true},"in2DMode":false,"pivot":{"x":-31.88860321044922,"y":0.4309999942779541,"z":41.02019500732422},"rotation":{"x":-0.10737619549036026,"y":0.8880777359008789,"z":-0.26482972502708437,"w":-0.36007437109947207},"size":0.12124810367822647,"orthographic":false}