{"cameraMode":{"drawMode":0,"name":"Shaded","section":"Shading Mode"},"sceneLighting":false,"audioPlay":false,"sceneViewState":{"showFog":true,"showMaterialUpdate":false,"showSkybox":true,"showFlares":true,"showImageEffects":true,"showParticleSystems":true},"in2DMode":false,"pivot":{"x":-115.51476287841797,"y":13.977109909057618,"z":-110.4835205078125},"rotation":{"x":0.023147394880652429,"y":-0.8052336573600769,"z":-0.03212794288992882,"w":-0.5918208360671997},"size":22.0,"orthographic":false}