{"cameraMode":{"drawMode":0,"name":"Shaded","section":"Shading Mode"},"sceneLighting":false,"audioPlay":false,"sceneViewState":{"showFog":true,"showMaterialUpdate":false,"showSkybox":true,"showFlares":true,"showImageEffects":true,"showParticleSystems":true},"in2DMode":false,"pivot":{"x":-55.21121597290039,"y":9.079999923706055,"z":73.8907470703125},"rotation":{"x":-0.1641836166381836,"y":-0.5972400903701782,"z":0.12655429542064668,"w":-0.7748233675956726},"size":3.9754350185394289,"orthographic":false}