{"cameraMode":{"drawMode":0,"name":"Shaded","section":"Shading Mode"},"sceneLighting":false,"audioPlay":false,"sceneViewState":{"showFog":true,"showMaterialUpdate":false,"showSkybox":true,"showFlares":true,"showImageEffects":true,"showParticleSystems":true},"in2DMode":false,"pivot":{"x":-1.4780000448226929,"y":0.9940000176429749,"z":1.6540000438690186},"rotation":{"x":-0.10737619549036026,"y":0.8880777359008789,"z":-0.26482972502708437,"w":-0.36007437109947207},"size":0.2333451509475708,"orthographic":false}