{"cameraMode":{"drawMode":0,"name":"Shaded","section":"Shading Mode"},"sceneLighting":false,"audioPlay":false,"sceneViewState":{"showFog":true,"showMaterialUpdate":false,"showSkybox":true,"showFlares":true,"showImageEffects":true,"showParticleSystems":true},"in2DMode":false,"pivot":{"x":-1.4008533954620362,"y":1.8979748487472535,"z":-133.60800170898438},"rotation":{"x":-0.057850152254104617,"y":-0.023051004856824876,"z":0.001337365829385817,"w":-0.9980603456497192},"size":15.64620590209961,"orthographic":false}