{"cameraMode":{"drawMode":0,"name":"Shaded","section":"Shading Mode"},"sceneLighting":false,"audioPlay":false,"sceneViewState":{"showFog":true,"showMaterialUpdate":false,"showSkybox":true,"showFlares":true,"showImageEffects":true,"showParticleSystems":true},"in2DMode":false,"pivot":{"x":-73.16217041015625,"y":1.1794443130493165,"z":47.06805419921875},"rotation":{"x":-0.10737619549036026,"y":0.8880777359008789,"z":-0.26482972502708437,"w":-0.36007437109947207},"size":5.545133113861084,"orthographic":false}