{"cameraMode":{"drawMode":0,"name":"Shaded","section":"Shading Mode"},"sceneLighting":false,"audioPlay":false,"sceneViewState":{"showFog":true,"showMaterialUpdate":false,"showSkybox":true,"showFlares":true,"showImageEffects":true,"showParticleSystems":true},"in2DMode":false,"pivot":{"x":-32.05729675292969,"y":-7.051877975463867,"z":18.83017921447754},"rotation":{"x":-0.20181189477443696,"y":-0.08566731214523316,"z":0.0177228394895792,"w":-0.9755132794380188},"size":41.68965530395508,"orthographic":false}