{"cameraMode":{"drawMode":0,"name":"Shaded","section":"Shading Mode"},"sceneLighting":false,"audioPlay":false,"sceneViewState":{"showFog":true,"showMaterialUpdate":false,"showSkybox":true,"showFlares":true,"showImageEffects":true,"showParticleSystems":true},"in2DMode":false,"pivot":{"x":-38.198570251464847,"y":2.254225969314575,"z":1.2174196243286133},"rotation":{"x":-0.33053019642829897,"y":-0.3347196877002716,"z":0.12667712569236756,"w":-0.8733264803886414},"size":23.19046401977539,"orthographic":false}