{"cameraMode":{"drawMode":0,"name":"Shaded","section":"Shading Mode"},"sceneLighting":false,"audioPlay":false,"sceneViewState":{"showFog":true,"showMaterialUpdate":false,"showSkybox":true,"showFlares":true,"showImageEffects":true,"showParticleSystems":true},"in2DMode":false,"pivot":{"x":-45.678001403808597,"y":4.6999993324279789,"z":18.29400062561035},"rotation":{"x":-0.1306496113538742,"y":-0.07455912977457047,"z":0.009860717691481114,"w":-0.9885837435722351},"size":67.89759826660156,"orthographic":false}