{"cameraMode":{"drawMode":0,"name":"Shaded","section":"Shading Mode"},"sceneLighting":false,"audioPlay":false,"sceneViewState":{"showFog":true,"showMaterialUpdate":false,"showSkybox":true,"showFlares":true,"showImageEffects":true,"showParticleSystems":true},"in2DMode":false,"pivot":{"x":450.1725158691406,"y":215.26577758789063,"z":-201.19427490234376},"rotation":{"x":0.1338283121585846,"y":-0.048583537340164188,"z":0.0069609712809324268,"w":0.9899032711982727},"size":324.4915466308594,"orthographic":false}