{"cameraMode":{"drawMode":0,"name":"Shaded","section":"Shading Mode"},"sceneLighting":false,"audioPlay":false,"sceneViewState":{"showFog":true,"showMaterialUpdate":false,"showSkybox":true,"showFlares":true,"showImageEffects":true,"showParticleSystems":true},"in2DMode":false,"pivot":{"x":-55.21121597290039,"y":9.880000114440918,"z":73.8907470703125},"rotation":{"x":-0.018528547137975694,"y":-0.9172676205635071,"z":0.04296831414103508,"w":-0.39552581310272219},"size":6.103170394897461,"orthographic":false}